client_id,nom,telephone,zone_principale,canal_acquisition,date_premiere_consultation,statut
1000,Charlotte Robert,0637623118,Nuque,Bouche-à-oreille,2023-03-08,Entretien
1001,Lucie Girard,0602639546,Ventre,Instagram,2023-03-29,Terminé
1002,Léa Thomas,0624348702,Menton,Site internet,2023-03-02,Terminé
1003,Elise Vincent,0686738564,Nuque,Bouche-à-oreille,2023-03-27,Terminé
1004,Manon Michel,0607515941,Favoris,Bouche-à-oreille,2023-03-01,Terminé
1005,Clara Bernard,0672477910,Menton,Bouche-à-oreille,2023-03-14,Terminé
1006,Amina Roux,0653587085,Aisselles,Site internet,2023-03-21,Terminé
1007,Emma Bernard,0651217128,Ventre,Instagram,2023-04-14,Terminé
1008,Chloé Garcia,0648778337,Aisselles,Instagram,2023-04-27,Entretien
1009,Nina Thomas,0677723648,Menton,Site internet,2023-04-04,Terminé
1010,Jade Thomas,0698114192,Favoris,Médecin dermatologue,2023-04-01,Entretien
1011,Julie Garcia,0660907332,Sourcils,Instagram,2023-04-13,Terminé
1012,Léa Lambert,0654710715,Lèvres,Site internet,2023-04-20,Terminé
1013,Clara Petit,0658610707,Maillot,Médecin dermatologue,2023-05-15,Entretien
1014,Jade Girard,0659980914,Menton,Planity,2023-05-12,Terminé
1015,Eva Fournier,0657888899,Aisselles,Instagram,2023-05-08,Terminé
1016,Léa Fournier,0661152050,Visage,Bouche-à-oreille,2023-05-05,Terminé
1017,Clara Lefèvre,0621969496,Orteils,Bouche-à-oreille,2023-05-30,Terminé
1018,Léa Dubois,0626847833,Lèvres,Bouche-à-oreille,2023-05-18,Terminé
1019,Léa Vincent,0639547396,Menton,Bouche-à-oreille,2023-05-02,Terminé
1020,Hana Robert,0632058392,Maillot,Site internet,2023-06-16,Terminé
1021,Zoé Garcia,0680706198,Sourcils,Bouche-à-oreille,2023-06-27,Entretien
1022,Sarah Vincent,0638151991,Lèvres,Bouche-à-oreille,2023-06-09,Entretien
1023,Manon Fournier,0646546765,Menton,Site internet,2023-06-29,Entretien
1024,Zoé Vincent,0629921428,Seins,Instagram,2023-06-28,Entretien
1025,Elise André,0686765704,Ventre,Planity,2023-06-30,Terminé
1026,Inès Petit,0612477871,Lèvres,Instagram,2023-06-24,Terminé
1027,Clara Fournier,0643846704,Visage,Site internet,2023-06-23,Entretien
1028,Eva Durand,0645936819,Seins,Bouche-à-oreille,2023-06-08,Terminé
1029,Anaïs Petit,0672474301,Nuque,Site internet,2023-07-25,Terminé
1030,Julie Leroy,0676057678,Maillot,Site internet,2023-07-06,Entretien
1031,Chloé Fournier,0656318412,Menton,Bouche-à-oreille,2023-07-06,Terminé
1032,Léa Morel,0699056352,Lèvres,Instagram,2023-07-03,Terminé
1033,Emma Bertrand,0628220773,Maillot,Bouche-à-oreille,2023-07-12,Terminé
1034,Océane Vincent,0619272062,Dos,Instagram,2023-07-28,Terminé
1035,Nina Mercier,0666660606,Aisselles,Site internet,2023-07-20,Entretien
1036,Charlotte David,0687056258,Lèvres,Médecin dermatologue,2023-07-10,Terminé
1037,Clara Legrand,0643348127,Aisselles,Bouche-à-oreille,2023-08-02,Terminé
1038,Alice Michel,0618684359,Dos,Site internet,2023-08-10,Entretien
1039,Zoé Dubois,0676078472,Maillot,Bouche-à-oreille,2023-08-07,Terminé
1040,Margaux Richard,0637262652,Sourcils,Bouche-à-oreille,2023-08-16,Entretien
1041,Maëlys Mercier,0605066561,Visage,Instagram,2023-08-09,Terminé
1042,Jade Thomas,0685812137,Menton,Médecin dermatologue,2023-08-11,Terminé
1043,Clara Laurent,0631192921,Doigts,Site internet,2023-09-12,Terminé
1044,Marine Bertrand,0657928823,Lèvres,Site internet,2023-09-04,Terminé
1045,Maya Simon,0672886659,Aisselles,Instagram,2023-09-01,Entretien
1046,Agathe David,0683227264,Ventre,Instagram,2023-09-21,Terminé
1047,Zoé Morel,0676241588,Maillot,Site internet,2023-09-18,Entretien
1048,Chloé Petit,0671429201,Orteils,Bouche-à-oreille,2023-09-20,Terminé
1049,Marine Garcia,0600041361,Favoris,Site internet,2023-10-11,Terminé
1050,Inès Mercier,0612454896,Lèvres,Bouche-à-oreille,2023-10-07,Terminé
1051,Charlotte Robert,0693804549,Orteils,Site internet,2023-10-30,Entretien
1052,Amina Bertrand,0631054123,Aisselles,Bouche-à-oreille,2023-10-23,Terminé
1053,Nina Bernard,0665991149,Aisselles,Site internet,2023-10-12,Entretien
1054,Océane Thomas,0690347771,Visage,Site internet,2023-10-07,Terminé
1055,Lina Vincent,0679457832,Favoris,Instagram,2023-10-25,Terminé
1056,Clara Dupont,0659937755,Aisselles,Bouche-à-oreille,2023-11-16,Entretien
1057,Maya Lambert,0697286291,Poitrine,Site internet,2023-11-01,Terminé
1058,Charlotte Simon,0661346852,Favoris,Planity,2023-11-01,Entretien
1059,Maëlys Michel,0635035349,Menton,Bouche-à-oreille,2023-11-02,Entretien
1060,Pauline Bertrand,0617054061,Favoris,Médecin dermatologue,2023-11-28,Entretien
1061,Clara Dupont,0632185070,Favoris,Bouche-à-oreille,2023-11-30,Terminé
1062,Alice Thomas,0696596758,Menton,Instagram,2023-11-27,Terminé
1063,Elise Thomas,0638264217,Menton,Instagram,2023-11-13,Entretien
1064,Louise Bertrand,0642637375,Ventre,Site internet,2023-11-10,Terminé
1065,Maëlys André,0695467975,Aisselles,Bouche-à-oreille,2023-11-24,Entretien
1066,Chloé Bernard,0679035370,Nuque,Instagram,2023-11-30,Entretien
1067,Agathe Leroy,0653433428,Doigts,Planity,2023-12-14,Entretien
1068,Zoé Girard,0655339343,Poitrine,Planity,2023-12-02,Terminé
1069,Clara André,0616030896,Nuque,Site internet,2023-12-22,Entretien
1070,Elise David,0654521788,Menton,Bouche-à-oreille,2023-12-09,Terminé
1071,Zoé Leroy,0612600365,Favoris,Bouche-à-oreille,2024-01-05,Entretien
1072,Lucie Francois,0652665047,Menton,Bouche-à-oreille,2024-01-02,Terminé
1073,Océane Michel,0623167975,Sourcils,Bouche-à-oreille,2024-01-16,Terminé
1074,Camille David,0614737505,Aisselles,Site internet,2024-01-23,Entretien
1075,Anaïs Richard,0655429337,Visage,Instagram,2024-01-15,Terminé
1076,Pauline Petit,0692831482,Aisselles,Instagram,2024-01-25,Entretien
1077,Noémie Bernard,0678836916,Menton,Médecin dermatologue,2024-01-09,Terminé
1078,Emma Mercier,0674516810,Menton,Instagram,2024-01-05,Terminé
1079,Zoé Robert,0693137427,Dos,Site internet,2024-01-15,Entretien
1080,Agathe Dubois,0646136037,Favoris,Bouche-à-oreille,2024-01-23,Terminé
1081,Lucie Lefèvre,0603999736,Menton,Médecin dermatologue,2024-01-23,Terminé
1082,Amina Bonnet,0651420765,Seins,Site internet,2024-02-01,Terminé
1083,Noémie Thomas,0638303677,Menton,Instagram,2024-02-13,Terminé
1084,Inès David,0681550243,Lèvres,Instagram,2024-02-23,Terminé
1085,Lucie Vincent,0630928383,Visage,Instagram,2024-02-21,Entretien
1086,Louise Francois,0634202619,Favoris,Bouche-à-oreille,2024-02-20,Terminé
1087,Sarah Lambert,0674866876,Poitrine,Bouche-à-oreille,2024-02-15,Entretien
1088,Nina Bonnet,0629288092,Dos,Médecin dermatologue,2024-02-05,Terminé
1089,Julie Moreau,0624759734,Lèvres,Bouche-à-oreille,2024-03-12,Entretien
1090,Maëlys Garcia,0690139143,Menton,Planity,2024-03-22,Terminé
1091,Anaïs André,0687752227,Doigts,Bouche-à-oreille,2024-03-23,Terminé
1092,Maya Lefèvre,0608498996,Maillot,Planity,2024-03-18,Terminé
1093,Jade Robert,0686942562,Menton,Site internet,2024-03-12,Entretien
1094,Chloé Richard,0680172172,Maillot,Médecin dermatologue,2024-03-06,Terminé
1095,Sarah Dubois,0614350038,Lèvres,Instagram,2024-03-28,Terminé
1096,Océane Dubois,0625277234,Orteils,Site internet,2024-04-18,Terminé
1097,Camille Bertrand,0686042921,Seins,Site internet,2024-04-02,Terminé
1098,Elise Fournier,0634759758,Sourcils,Instagram,2024-04-29,Terminé
1099,Inès Moreau,0601800371,Aisselles,Bouche-à-oreille,2024-04-22,Terminé
1100,Zoé Martin,0692877448,Nuque,Instagram,2024-04-19,Terminé
1101,Sarah Garcia,0631029257,Poitrine,Site internet,2024-04-09,Terminé
1102,Julie Michel,0634772662,Nuque,Planity,2024-04-16,Terminé
1103,Pauline Fournier,0663606432,Visage,Bouche-à-oreille,2024-04-27,Terminé
1104,Charlotte Robert,0693499449,Lèvres,Bouche-à-oreille,2024-05-07,Terminé
1105,Maëlys Bonnet,0690186420,Dos,Site internet,2024-05-22,Terminé
1106,Marine Morel,0682087981,Sourcils,Instagram,2024-05-18,Terminé
1107,Eva André,0666933064,Maillot,Bouche-à-oreille,2024-05-15,Terminé
1108,Agathe Bernard,0637714756,Menton,Planity,2024-05-21,Terminé
1109,Alice Francois,0606781567,Menton,Bouche-à-oreille,2024-05-03,Terminé
1110,Hana Mercier,0642257606,Lèvres,Bouche-à-oreille,2024-05-16,Terminé
1111,Hana André,0671265650,Orteils,Bouche-à-oreille,2024-06-21,Terminé
1112,Margaux Vincent,0609717039,Sourcils,Instagram,2024-06-24,Terminé
1113,Lucie Lefèvre,0680055584,Aisselles,Bouche-à-oreille,2024-06-19,Terminé
1114,Lucie Lefèvre,0697967594,Poitrine,Bouche-à-oreille,2024-06-26,Terminé
1115,Manon Bertrand,0670555242,Seins,Site internet,2024-06-17,Terminé
1116,Eva Lefèvre,0617588737,Sourcils,Site internet,2024-06-29,Terminé
1117,Léa Durand,0668563984,Menton,Site internet,2024-06-05,Terminé
1118,Chloé Durand,0667462905,Favoris,Bouche-à-oreille,2024-06-08,Terminé
1119,Alice Richard,0699755326,Seins,Bouche-à-oreille,2024-06-06,Terminé
1120,Manon Simon,0603524910,Menton,Bouche-à-oreille,2024-06-07,Terminé
1121,Pauline Bernard,0637362547,Sourcils,Instagram,2024-06-04,Terminé
1122,Manon Martin,0630383925,Orteils,Bouche-à-oreille,2024-06-19,Terminé
1123,Clara Robert,0663621323,Menton,Instagram,2024-06-15,Terminé
1124,Julie Petit,0683108208,Dos,Instagram,2024-06-21,Terminé
1125,Anaïs Morel,0626436505,Lèvres,Site internet,2024-07-08,Terminé
1126,Camille Thomas,0664650563,Aisselles,Instagram,2024-07-12,Terminé
1127,Hana Durand,0600755046,Aisselles,Bouche-à-oreille,2024-07-25,Terminé
1128,Pauline Lefèvre,0670202520,Seins,Site internet,2024-07-03,Terminé
1129,Sarah Girard,0655177761,Lèvres,Médecin dermatologue,2024-08-14,Terminé
1130,Louise Michel,0627710400,Dos,Instagram,2024-08-30,Terminé
1131,Pauline Michel,0650322154,Lèvres,Instagram,2024-09-10,Terminé
1132,Noémie Petit,0622139280,Lèvres,Site internet,2024-09-03,Terminé
1133,Manon Bonnet,0686872013,Menton,Site internet,2024-09-11,Actif
1134,Noémie David,0619226671,Aisselles,Bouche-à-oreille,2024-09-07,Terminé
1135,Noémie Bertrand,0687705747,Maillot,Bouche-à-oreille,2024-09-13,Terminé
1136,Zoé Thomas,0684601827,Nuque,Instagram,2024-09-24,Actif
1137,Sarah Petit,0663919151,Sourcils,Instagram,2024-09-02,Terminé
1138,Agathe Simon,0690873564,Aisselles,Bouche-à-oreille,2024-10-26,Actif
1139,Agathe Moreau,0661466338,Visage,Bouche-à-oreille,2024-10-31,Actif
1140,Noémie Lambert,0650311177,Ventre,Bouche-à-oreille,2024-10-31,Actif
1141,Maëlys Richard,0656058723,Lèvres,Bouche-à-oreille,2024-10-29,Actif
1142,Marine Martin,0671991028,Dos,Médecin dermatologue,2024-10-05,Terminé
1143,Emma Roux,0663626645,Lèvres,Instagram,2024-10-14,Actif
1144,Anaïs Robert,0662189191,Visage,Site internet,2024-10-22,Actif
1145,Maëlys Vincent,0650953976,Orteils,Instagram,2024-10-05,Terminé
1146,Amina Martin,0614665819,Aisselles,Bouche-à-oreille,2024-10-29,Actif
1147,Lina Roux,0645192079,Nuque,Site internet,2024-10-16,Actif
1148,Zoé Girard,0628321372,Lèvres,Site internet,2024-11-16,Actif
1149,Hana Thomas,0622404017,Ventre,Médecin dermatologue,2024-11-15,Actif
1150,Maëlys Bonnet,0678503605,Visage,Bouche-à-oreille,2024-11-29,Actif
1151,Louise Roux,0608164412,Poitrine,Bouche-à-oreille,2024-11-08,Actif
1152,Anaïs Legrand,0681807583,Aisselles,Bouche-à-oreille,2024-11-25,Actif
1153,Inès Michel,0641959944,Seins,Bouche-à-oreille,2024-11-27,Actif
1154,Lina Dubois,0634722753,Lèvres,Site internet,2024-11-26,Actif
1155,Julie Vincent,0673669845,Menton,Instagram,2024-12-18,Actif
1156,Lina Roux,0626226063,Seins,Site internet,2024-12-25,Actif
1157,Charlotte Girard,0667555230,Menton,Médecin dermatologue,2024-12-07,Actif
1158,Jade Morel,0668807470,Lèvres,Médecin dermatologue,2024-12-13,Actif
1159,Margaux Dupont,0670003310,Seins,Site internet,2024-12-04,Actif
1160,Lina Bonnet,0617812922,Ventre,Bouche-à-oreille,2024-12-13,Actif
1161,Emma Dupont,0643985686,Menton,Site internet,2024-12-14,Actif
1162,Jade Lambert,0648987075,Lèvres,Site internet,2024-12-12,Actif
1163,Lucie Renaud,0611076496,Menton,Bouche-à-oreille,2024-12-31,Actif
1164,Margaux Dubois,0695252899,Aisselles,Site internet,2025-01-28,Actif
1165,Emma Roux,0610143072,Dos,Médecin dermatologue,2025-01-10,Actif
1166,Noémie Michel,0687244202,Menton,Instagram,2025-01-21,Actif
1167,Agathe Martin,0618170020,Dos,Instagram,2025-01-27,Actif
1168,Camille Dupont,0614851580,Maillot,Site internet,2025-01-16,Actif
1169,Louise Bertrand,0620109962,Nuque,Bouche-à-oreille,2025-02-25,Actif
1170,Louise Durand,0692586268,Aisselles,Bouche-à-oreille,2025-02-07,Actif
1171,Maëlys Morel,0635264429,Maillot,Bouche-à-oreille,2025-02-25,Actif
1172,Anaïs David,0685877323,Doigts,Site internet,2025-02-18,Actif
1173,Margaux Legrand,0606221971,Doigts,Bouche-à-oreille,2025-02-05,Actif
1174,Agathe Michel,0631837301,Lèvres,Bouche-à-oreille,2025-02-05,Actif
1175,Anaïs Thomas,0655775412,Aisselles,Bouche-à-oreille,2025-02-24,Actif
1176,Jade Petit,0672599629,Menton,Site internet,2025-02-04,Actif
1177,Jade Bertrand,0605687031,Lèvres,Site internet,2025-03-20,Actif
1178,Emma Simon,0609189700,Menton,Instagram,2025-03-25,Actif
1179,Emma Bertrand,0600422123,Maillot,Planity,2025-03-27,Actif
1180,Pauline Francois,0649640773,Poitrine,Bouche-à-oreille,2025-03-26,Actif
1181,Pauline Lambert,0646098164,Nuque,Site internet,2025-03-04,Actif
1182,Camille Bertrand,0643575800,Menton,Bouche-à-oreille,2025-03-04,Actif
1183,Amina Girard,0653488968,Menton,Bouche-à-oreille,2025-03-13,Actif
1184,Anaïs Dupont,0628300275,Maillot,Instagram,2025-03-06,Actif
1185,Eva Thomas,0681328715,Nuque,Médecin dermatologue,2025-03-26,Actif
1186,Elise André,0624106860,Lèvres,Bouche-à-oreille,2025-04-25,Actif
1187,Manon Legrand,0618001036,Orteils,Médecin dermatologue,2025-04-10,Actif
1188,Lucie Dupont,0683879973,Visage,Médecin dermatologue,2025-04-07,Actif
1189,Maëlys Mercier,0604341939,Favoris,Instagram,2025-04-07,Actif
1190,Emma Bertrand,0617132691,Menton,Site internet,2025-04-08,Actif
1191,Maya Richard,0634081010,Poitrine,Bouche-à-oreille,2025-04-23,Actif
1192,Nina Dupont,0685629719,Poitrine,Bouche-à-oreille,2025-04-05,Actif
1193,Eva Simon,0680150800,Ventre,Instagram,2025-04-07,Actif
1194,Chloé Dupont,0656796627,Menton,Bouche-à-oreille,2025-04-07,Actif
1195,Agathe Lefèvre,0630756009,Menton,Site internet,2025-04-14,Actif
1196,Alice Lefèvre,0666280808,Dos,Site internet,2025-04-15,Actif
1197,Agathe Thomas,0624838524,Menton,Bouche-à-oreille,2025-04-15,Actif
1198,Agathe Richard,0693249540,Lèvres,Instagram,2025-04-28,Actif
1199,Inès Robert,0667242444,Aisselles,Bouche-à-oreille,2025-04-19,Actif
1200,Camille Robert,0624626657,Ventre,Site internet,2025-04-02,Actif
1201,Clara Francois,0659640861,Maillot,Instagram,2025-04-08,Actif
1202,Alice Dupont,0654942235,Maillot,Médecin dermatologue,2025-05-12,Actif
1203,Eva Robert,0613261244,Menton,Site internet,2025-05-01,Actif
1204,Pauline Lambert,0670762108,Menton,Instagram,2025-05-28,Actif
1205,Pauline Bertrand,0662186025,Lèvres,Bouche-à-oreille,2025-05-02,Actif
1206,Océane Legrand,0681807864,Nuque,Site internet,2025-05-13,Actif
1207,Anaïs Robert,0606410537,Menton,Instagram,2025-05-30,Actif
1208,Julie Vincent,0679243306,Aisselles,Bouche-à-oreille,2025-06-11,Actif
1209,Sarah Martin,0685431876,Ventre,Bouche-à-oreille,2025-06-06,Actif
1210,Camille Dupont,0627226911,Maillot,Instagram,2025-06-26,Actif
1211,Agathe Girard,0621326877,Sourcils,Bouche-à-oreille,2025-06-03,Actif
1212,Manon Roux,0626274495,Menton,Instagram,2025-06-19,Actif
1213,Agathe Legrand,0648694330,Aisselles,Site internet,2025-06-26,Actif
1214,Sarah Garcia,0634741571,Doigts,Médecin dermatologue,2025-06-13,Actif
1215,Hana Durand,0639877863,Aisselles,Site internet,2025-06-17,Actif
1216,Elise Bonnet,0691943566,Lèvres,Site internet,2025-06-06,Actif
1217,Emma Martin,0649518799,Menton,Site internet,2025-07-10,Actif
1218,Louise Durand,0649366181,Visage,Site internet,2025-07-01,Actif
1219,Zoé Roux,0665117689,Menton,Bouche-à-oreille,2025-07-21,Actif
1220,Jade Mercier,0652806745,Menton,Bouche-à-oreille,2025-07-12,Actif
1221,Clara Simon,0658734604,Nuque,Instagram,2025-07-30,Actif
1222,Louise Vincent,0625856415,Menton,Instagram,2025-07-22,Actif
1223,Nina Lambert,0637458383,Menton,Médecin dermatologue,2025-07-09,Actif
1224,Sarah Bernard,0684385589,Dos,Bouche-à-oreille,2025-07-14,Actif
1225,Amina Renaud,0604125893,Doigts,Bouche-à-oreille,2025-08-20,Actif
1226,Anaïs Francois,0646538269,Poitrine,Site internet,2025-08-25,Actif
1227,Alice André,0652865708,Seins,Médecin dermatologue,2025-08-29,Actif
1228,Clara Lambert,0638286823,Lèvres,Bouche-à-oreille,2025-08-28,Actif
1229,Maya Roux,0638372356,Sourcils,Planity,2025-08-19,Actif
1230,Nina Lambert,0627050226,Lèvres,Médecin dermatologue,2025-08-26,Actif
1231,Amina Francois,0656283664,Maillot,Site internet,2025-08-09,Actif
1232,Marine Robert,0618926057,Poitrine,Instagram,2025-08-05,Actif
1233,Julie Robert,0655364807,Visage,Bouche-à-oreille,2025-08-18,Actif
1234,Marine Roux,0613488829,Nuque,Site internet,2025-08-07,Actif
1235,Camille Bonnet,0675734161,Lèvres,Bouche-à-oreille,2025-08-12,Actif
1236,Alice Mercier,0617657076,Lèvres,Site internet,2025-09-12,Actif
1237,Inès Morel,0672554372,Maillot,Instagram,2025-09-25,Actif
1238,Camille Mercier,0624093834,Dos,Instagram,2025-09-17,Actif
1239,Margaux Robert,0683435204,Maillot,Bouche-à-oreille,2025-09-03,Actif
1240,Inès Robert,0659366920,Dos,Site internet,2025-09-10,Actif
1241,Noémie Morel,0637575126,Visage,Instagram,2025-09-24,Actif
1242,Agathe Petit,0618708306,Seins,Site internet,2025-09-23,Actif
1243,Julie Bernard,0644724769,Menton,Site internet,2025-09-27,Actif
1244,Charlotte André,0652500147,Aisselles,Bouche-à-oreille,2025-09-24,Actif
1245,Marine Roux,0696393585,Menton,Site internet,2025-09-12,Actif
1246,Julie Bertrand,0681176755,Lèvres,Bouche-à-oreille,2025-09-29,Actif
1247,Margaux Mercier,0600368042,Menton,Site internet,2025-09-11,Actif
1248,Manon Francois,0676214949,Aisselles,Instagram,2025-09-19,Actif
1249,Julie Bernard,0698926530,Dos,Bouche-à-oreille,2025-09-08,Actif
1250,Jade Durand,0681396080,Poitrine,Bouche-à-oreille,2025-09-19,Actif
1251,Louise Bernard,0600600215,Sourcils,Site internet,2025-09-26,Actif
1252,Lina Petit,0673863857,Aisselles,Site internet,2025-10-03,Actif
1253,Marine David,0680223566,Maillot,Bouche-à-oreille,2025-10-29,Actif
1254,Julie Martin,0633930568,Visage,Instagram,2025-10-23,Actif
1255,Lina Francois,0640385887,Dos,Instagram,2025-10-30,Actif
1256,Amina Thomas,0633914137,Ventre,Site internet,2025-10-14,Actif
1257,Alice Simon,0668803984,Maillot,Instagram,2025-10-22,Actif
1258,Pauline Roux,0615338591,Poitrine,Instagram,2025-10-21,Actif
1259,Pauline Roux,0699777121,Ventre,Instagram,2025-10-03,Actif
1260,Emma Leroy,0685847042,Lèvres,Instagram,2025-10-22,Actif
1261,Louise David,0611981297,Seins,Bouche-à-oreille,2025-10-13,Actif
1262,Marine Vincent,0686957229,Menton,Instagram,2025-10-01,Actif
1263,Margaux Bertrand,0658161920,Doigts,Site internet,2025-10-21,Actif
1264,Marine Dubois,0643476074,Menton,Bouche-à-oreille,2025-11-14,Actif
1265,Maëlys Roux,0694414864,Favoris,Site internet,2025-11-05,Actif
1266,Maya Francois,0678076504,Nuque,Bouche-à-oreille,2025-11-11,Actif
1267,Amina Moreau,0685318436,Ventre,Planity,2025-11-21,Actif
1268,Amina Vincent,0638859147,Menton,Bouche-à-oreille,2025-11-07,Actif
1269,Maya Durand,0625848736,Sourcils,Bouche-à-oreille,2025-11-14,Actif
1270,Elise David,0665669866,Lèvres,Bouche-à-oreille,2025-11-05,Actif
1271,Sarah Garcia,0662931179,Dos,Planity,2025-11-11,Actif
1272,Manon Lefèvre,0696946226,Menton,Bouche-à-oreille,2025-11-11,Actif
1273,Alice Simon,0622790198,Menton,Bouche-à-oreille,2025-11-19,Actif
1274,Chloé André,0633428500,Menton,Site internet,2025-11-06,Actif
1275,Jade Garcia,0645185267,Lèvres,Instagram,2025-11-06,Actif
1276,Chloé Durand,0600674996,Menton,Bouche-à-oreille,2025-11-28,Actif
1277,Océane Laurent,0665617442,Ventre,Instagram,2025-11-18,Actif
1278,Margaux Petit,0642069216,Nuque,Site internet,2025-11-07,Actif
1279,Maya Mercier,0697736771,Doigts,Site internet,2025-12-09,Actif
1280,Sarah Leroy,0618280545,Visage,Bouche-à-oreille,2025-12-12,Actif
1281,Eva André,0632811822,Lèvres,Médecin dermatologue,2025-12-23,Actif
1282,Anaïs Robert,0650310428,Sourcils,Médecin dermatologue,2025-12-10,Actif
1283,Louise Francois,0668372605,Maillot,Médecin dermatologue,2025-12-23,Actif
1284,Sarah David,0625509911,Lèvres,Site internet,2025-12-08,Actif
1285,Jade Renaud,0667810822,Sourcils,Médecin dermatologue,2025-12-24,Actif
1286,Manon Lefèvre,0630560340,Aisselles,Bouche-à-oreille,2025-12-06,Actif
1287,Maya Bertrand,0670588338,Ventre,Site internet,2025-12-03,Actif
1288,Inès André,0627030814,Lèvres,Bouche-à-oreille,2026-01-09,Actif
1289,Elise Dubois,0638818332,Aisselles,Instagram,2026-01-06,Actif
1290,Inès Leroy,0662253701,Lèvres,Site internet,2026-01-29,Actif
1291,Nina Roux,0607490036,Favoris,Bouche-à-oreille,2026-01-08,Actif
1292,Lucie Simon,0627259609,Maillot,Médecin dermatologue,2026-01-19,Actif
1293,Nina Durand,0653961018,Poitrine,Bouche-à-oreille,2026-01-05,Actif
1294,Anaïs Simon,0602382203,Menton,Médecin dermatologue,2026-01-06,Actif
1295,Chloé Renaud,0622677200,Favoris,Site internet,2026-01-21,Actif
1296,Anaïs Martin,0666195916,Favoris,Bouche-à-oreille,2026-01-28,Actif
1297,Charlotte Vincent,0668378744,Favoris,Planity,2026-01-26,Actif
1298,Alice David,0696648547,Poitrine,Planity,2026-01-06,Actif
1299,Maëlys Martin,0658898565,Aisselles,Site internet,2026-01-26,Actif
1300,Lucie Simon,0646968636,Poitrine,Instagram,2026-02-03,Actif
1301,Marine Morel,0689271033,Ventre,Site internet,2026-02-24,Actif
1302,Zoé Roux,0636524789,Dos,Site internet,2026-02-05,Actif
1303,Chloé Petit,0699008665,Orteils,Instagram,2026-02-26,Actif
1304,Amina Dupont,0604925791,Lèvres,Bouche-à-oreille,2026-02-14,Actif
1305,Jade Francois,0698995188,Seins,Bouche-à-oreille,2026-02-26,Actif
1306,Manon Thomas,0646197715,Doigts,Site internet,2026-02-27,Actif
1307,Louise Moreau,0654741826,Sourcils,Planity,2026-02-05,Actif
1308,Léa Francois,0652854285,Menton,Bouche-à-oreille,2026-02-12,Actif
1309,Lina Richard,0678971958,Menton,Bouche-à-oreille,2026-02-11,Actif
1310,Louise Mercier,0603684578,Poitrine,Médecin dermatologue,2026-02-12,Actif
1311,Sarah Lambert,0625067937,Ventre,Bouche-à-oreille,2026-02-18,Actif
1312,Nina Bonnet,0674750823,Aisselles,Planity,2026-02-26,Actif
